timestamp,total_wallet,total_margin_balance,available_balance,total_unrealized,maint_buffer,margin_ratio_pct,positions_count,open_orders_count,realized_7d
2026-04-25 00:41:16.000332+09:00,167228.10541323,149587.28204175,144058.24320948,-17640.82337148,148915.11909797002,0.4493449808068566,150,8,9.49957657
2026-04-25 08:14:44.687647+09:00,166781.22728412,148930.82790391,143412.35259519,-17850.39938021,148265.60291262,0.4466670874341762,150,8,9.49957657
2026-04-25 08:15:09.015973+09:00,166796.56036182,148958.26078939,143439.11744913,-17838.29957243,148292.87383951002,0.4466935545258421,150,8,9.49957657
2026-04-25 08:15:29.486362+09:00,166785.70931691,148937.87066608,143411.92335554,-17847.83865083,148272.52084377,0.446729780232806,150,8,9.49957657
2026-04-25 08:15:58.257150+09:00,166779.41556593,148920.16789823,143402.18443427,-17859.2476677,148254.9245487,0.4467113883356741,150,8,9.49957657
2026-04-25 08:16:39.342333+09:00,166772.5114284,148902.29956843,143382.15440319,-17870.21185997,148237.13674636,0.4467109131275139,150,8,9.49957657
2026-04-25 08:17:09.740618+09:00,166752.81622073,148888.4044465,143369.49286119,-17864.41177423,148223.32406617,0.4466972312601973,150,8,9.49957657
2026-04-25 08:17:39.303215+09:00,166771.09911157,148911.62454055,143393.85065046,-17859.47457102,148246.55507946998,0.4466202441427905,150,8,9.49957657
2026-04-25 08:18:32.464337+09:00,166768.55547557,148900.0427366,143376.96294969,-17868.51273897,148235.1133784,0.4465608914406031,150,8,9.49957657
2026-04-25 08:18:57.894106+09:00,166763.65672277,148895.73727044,143376.69330825,-17867.91945233,148230.78248633,0.4465908805046847,150,8,9.49957657
2026-04-25 08:19:28.204217+09:00,166758.70901723,148896.22205543,143377.4508284,-17862.4869618,148231.20697672,0.4466299208467714,150,8,9.49957657
2026-04-25 08:19:59.111585+09:00,166750.10724016,148883.0447367,143364.0488546,-17867.06250346,148217.96533459998,0.4467126550751259,150,8,9.49957657
2026-04-25 08:20:28.506353+09:00,166767.44459414,148825.30026056,143311.44884592,-17942.14433358,148162.03389657,0.4456677479089698,150,8,9.49957657
2026-04-25 08:20:57.855986+09:00,166721.97078466,148645.9932804,143131.87461859,-18075.97750426,147984.60576779,0.4449413657335415,150,8,9.49957657
2026-04-25 08:21:28.378208+09:00,166701.20338984,148623.43813571,143112.95531528,-18077.76525413,147961.93355376998,0.4450876592802082,150,8,9.49957657
2026-04-25 08:21:58.875629+09:00,166681.13278388,148553.00096382,143045.63400785,-18128.13182006,147892.25835055,0.4447857727431056,150,8,9.49957657
2026-04-25 08:22:28.773115+09:00,166695.77515661,148613.6439386,143080.02042937,-18082.13121801,147952.17712228,0.4450915802813409,150,8,9.49957657
2026-04-25 08:22:59.769906+09:00,166687.54800659,148592.41908466,143082.61707551,-18095.12892193,147931.20322794002,0.4449862656474249,150,8,9.49957657
2026-04-25 08:23:29.564186+09:00,166706.22778905,148608.41817027,143100.21770181,-18097.80961878,147947.30566652998,0.4448688115248773,150,8,9.49957657
2026-04-25 08:23:58.468692+09:00,166704.24779733,148617.2799544,143110.57834053,-18086.96784293,147956.09675002,0.4448898570764246,150,8,9.49957657
2026-04-25 08:24:29.168966+09:00,166742.76162989,148694.09065567,143181.56623291,-18048.67097422,148032.44096910002,0.4449737603239244,150,8,9.49957657
2026-04-25 08:24:58.729645+09:00,166736.67525736,148696.68431322,143187.82370744,-18039.99094414,148034.83313853,0.4451015015881948,150,8,9.49957657
2026-04-25 08:25:29.047911+09:00,166739.18361417,148703.48985547,143194.15933329,-18035.6937587,148041.46850999998,0.4451955674432666,150,8,9.49957657
2026-04-25 08:25:59.121463+09:00,166741.25894266,148676.90352012,143145.58227177,-18064.35542254,148015.40599961,0.444922852741873,150,8,9.49957657
2026-04-25 08:26:29.112283+09:00,166738.60935111,148663.26847918,143156.85390287,-18075.34087193,148001.96947581,0.4448301252455066,150,8,9.49957657
2026-04-25 08:26:58.840747+09:00,166784.98604301,148708.60490469,143200.74765585,-18076.38113832,148047.71857799,0.4444170040621213,150,8,9.49957657
2026-04-25 08:27:29.544375+09:00,166794.73748781,148749.34808646,143239.13906818,-18045.38940135,148087.81187064,0.4447321782112851,150,8,9.49957657
2026-04-25 08:27:58.907576+09:00,166794.64261822,148751.1553918,143242.47707179,-18043.48722642,148089.6406412,0.4447123444907819,150,8,9.49957657
2026-04-25 08:28:29.317334+09:00,166826.47581227,148797.52009748,143286.92279767,-18028.95571479,148135.94922854,0.4446114884889161,150,8,9.49957657
2026-04-25 08:28:59.758759+09:00,166834.22830408,148809.30103301,143294.8764251,-18024.92727107,148147.58458872,0.4446741162659,150,8,9.49957657
2026-04-25 08:29:28.457567+09:00,166812.82191545,148785.4244416,143273.31698545,-18027.39747385,148123.69608186997,0.4447534845657789,150,8,9.49957657
2026-04-25 08:30:14.260441+09:00,166820.9715056,148798.36926558,143285.63367891,-18022.60224002,148136.51902396,0.444796703678055,150,8,9.49957657
2026-04-25 08:30:40.268862+09:00,166823.37751773,148790.63590795,143263.34137858,-18032.74160978,148129.0378615,0.4446503252121999,150,8,9.49957657
2026-04-25 08:31:10.225568+09:00,166821.99151795,148750.69654877,143243.22871533,-18071.29496918,148089.65401632,0.444396260177019,150,8,9.49957657
2026-04-25 08:31:40.283488+09:00,166818.9060602,148746.95539224,143228.9953039,-18071.95066796,148086.015719,0.4443382867885447,150,8,9.49957657
2026-04-25 08:32:11.697768+09:00,166848.69485158,148791.04843348,143281.54625604,-18057.6464181,148130.16456165,0.444169107475213,150,8,9.49957657
2026-04-25 08:32:40.613078+09:00,166841.5440029,148800.91501149,143292.67117988,-18040.62899141,148139.70884091,0.4443562531379215,150,8,9.49957657
2026-04-25 08:33:10.831337+09:00,166839.51290407,148804.7276832,143296.57565507,-18034.78522087,148143.38977687,0.4444333971283258,150,8,9.49957657
2026-04-25 08:33:41.122080+09:00,166837.29655727,148818.88574954,143309.75854433,-18018.41080773,148157.40186643,0.4444892056397113,150,8,9.49957657
2026-04-25 08:34:11.962979+09:00,166855.55657192,148856.78725142,143333.82662887,-17998.7693205,148195.12897788,0.4444931841921694,150,8,9.49957657
2026-04-25 08:34:41.265430+09:00,166852.85798324,148840.73724138,143330.09831783,-18012.12074186,148179.23695874002,0.4444349678053683,150,8,9.49957657
2026-04-25 08:35:10.325282+09:00,166877.95187556,148892.51096124,143380.30035255,-17985.44091432,148230.8433234,0.4443928264546808,150,8,9.49957657
2026-04-25 08:35:41.128705+09:00,166840.06804273,148825.39649123,143312.47264778,-18014.6715515,148163.87385712,0.4444957982349352,150,8,9.49957657
2026-04-25 08:36:10.452357+09:00,166843.9375332,148828.47945528,143316.58400204,-18015.45807792,148167.02104485,0.4444434377418705,150,8,9.49957657
2026-04-25 08:36:40.546593+09:00,166866.1875431,148867.20348615,143356.06211162,-17998.98405695,148205.57908146002,0.4444393319657911,150,8,9.49957657
2026-04-25 08:37:11.383588+09:00,166871.25166675,148882.5902979,143371.25992588,-17988.66136885,148220.84868065,0.444472127953925,150,8,9.49957657
2026-04-25 08:37:41.372906+09:00,166856.72061279,148858.39671314,143340.15958639,-17998.32389965,148196.63506276,0.4445578247461972,150,8,9.49957657
2026-04-25 08:38:03.356560+09:00,166851.82990613,148854.34223224,143343.96191984,-17997.48767389,148192.44674247,0.4446598465614944,150,8,1.37272727
2026-04-25 08:38:33.542769+09:00,166868.09797693,148893.19314586,143382.02703418,-17974.90483107,148231.16385393,0.444633685356897,150,8,9.49957657
2026-04-25 08:39:03.925024+09:00,166877.40054447,148898.91910723,143386.39677504,-17978.48143724,148237.04729934,0.4445108210714082,150,8,9.49957657
2026-04-25 08:39:33.878835+09:00,166874.15477069,148892.17460739,143369.52070429,-17981.9801633,148230.38452097002,0.4444760701259534,150,8,9.49957657
2026-04-25 08:40:03.224827+09:00,166904.92075278,148934.66087701,143419.01539017,-17970.25987577,148272.78585229,0.444406305975058,150,8,9.49957657
2026-04-25 08:40:33.646946+09:00,166851.37226915,148838.9087185,143323.15595635,-18012.46355065,148177.39634891,0.4444485486258991,150,8,9.49957657
2026-04-25 08:41:23.433710+09:00,166850.72084568,148843.96103985,143331.08472727,-18006.75980583,148182.37766929998,0.4444811639841232,150,8,9.49957657
2026-04-25 08:41:52.697855+09:00,166843.4119626,148825.7869593,143309.55585556,-18017.6250033,148164.23176683,0.4445165088567065,150,8,9.49957657
2026-04-25 08:42:22.816008+09:00,166838.68838441,148810.82560404,143302.11430603,-18027.86278037,148149.41415215,0.4444646074674043,150,8,9.49957657
2026-04-25 08:42:53.049487+09:00,166839.97714654,148806.22933801,143297.50205705,-18033.74780853,148144.89556653998,0.4444261335107116,150,8,9.49957657
2026-04-25 08:43:22.544784+09:00,166867.24289493,148862.07642646,143349.66352904,-18005.16646847,148200.50017793,0.4444222896869426,150,8,9.49957657
2026-04-25 08:43:54.029764+09:00,166857.25607534,148837.89537061,143327.55539373,-18019.36070473,148176.41131439,0.4444325516515054,150,8,9.49957657
2026-04-25 08:44:39.764951+09:00,166850.37499909,148835.15675443,143326.08522641,-18015.21824466,148173.57670487,0.4445052257724103,150,8,9.49957657
2026-04-25 08:45:09.458571+09:00,166851.8526512,148831.65962921,143322.48172998,-18020.19302199,148170.27313075,0.4443856234001135,150,8,9.49957657
2026-04-25 08:45:40.114085+09:00,166817.53287277,148771.30060936,143261.42799427,-18046.23226341,148109.99879520002,0.4445089956539601,150,8,9.49957657
2026-04-25 08:46:10.804364+09:00,166814.38022054,148758.7586741,143250.13829117,-18055.62154644,148097.62424757,0.4444339495857251,150,8,9.49957657
2026-04-25 08:46:39.218161+09:00,166810.64982017,148746.45736826,143240.03647707,-18064.19245191,148085.52818643997,0.4443327212719429,150,8,9.49957657
2026-04-25 08:47:09.906011+09:00,166827.16558521,148789.4826074,143272.36137921,-18037.68297781,148128.27762821,0.4443895950190737,150,8,9.49957657
2026-04-25 08:47:40.219387+09:00,166828.61795675,148801.1951239,143291.99017123,-18027.42283285,148140.0487956,0.4443152003916994,150,8,9.49957657
2026-04-25 08:48:10.158959+09:00,166827.82791403,148811.024824,143296.68925797,-18016.80309003,148149.69795929,0.4444071704311939,150,8,9.49957657
2026-04-25 08:48:41.297911+09:00,166816.90812599,148790.26820173,143281.34153176,-18026.63992426,148128.89702397,0.4444989485893743,150,8,9.49957657
2026-04-25 08:49:10.692896+09:00,166800.89843054,148772.76534797,143261.94403318,-18028.13308257,148111.30259632002,0.4446127959663052,150,8,9.49957657
2026-04-25 08:49:39.601327+09:00,166804.78176057,148787.58263706,143277.68013216,-18017.19912351,148125.98321194,0.4446603764870959,150,8,9.49957657
2026-04-25 08:50:10.378836+09:00,166808.2923724,148805.22961594,143294.33893671,-18003.06275646,148143.58866335,0.4446355509800745,150,8,9.49957657
2026-04-25 08:50:40.468475+09:00,166816.37004549,148806.63946892,143294.34313121,-18009.73057657,148144.97708491,0.4446457405203319,150,8,9.49957657
2026-04-25 08:51:11.013071+09:00,166837.34418211,148847.85483433,143335.71596127,-17989.48934778,148186.10772481002,0.4445795408046255,150,8,9.49957657
2026-04-25 08:51:40.750029+09:00,166841.63791619,148853.04199404,143330.94670854,-17988.59592215,148191.20072189,0.4446273070969553,150,8,9.49957657
2026-04-25 08:52:10.604599+09:00,166841.30399537,148851.35293706,143339.25600644,-17989.95105831,148189.46451769,0.4446640264330492,150,8,9.49957657
2026-04-25 08:52:40.476312+09:00,166851.35989596,148863.05817952,143351.41206492,-17988.30171644,148201.08482877002,0.4446861154442356,150,8,9.49957657
2026-04-25 08:53:10.434343+09:00,166856.05722064,148876.34405456,143363.29979151,-17979.71316608,148214.29428335,0.4446977627065942,150,8,9.49957657
2026-04-25 08:53:40.639261+09:00,166856.4050909,148878.91293529,143366.38132717,-17977.49215561,148216.80401897,0.4447298165105388,150,8,9.49957657
2026-04-25 08:54:10.990177+09:00,166867.83222458,148899.59256131,143381.86662943,-17968.23966327,148237.40410721002,0.4447214681446097,150,8,9.49957657
2026-04-25 08:54:41.210609+09:00,166873.08394692,148905.97918631,143392.75406671,-17967.10476061,148243.72793661,0.4447445652074162,150,8,9.49957657
2026-04-25 08:55:09.637524+09:00,166875.22970613,148901.17767963,143385.57171676,-17974.0520265,148238.9689907,0.4447303233254357,150,8,9.49957657
2026-04-25 08:55:39.952425+09:00,166875.55276892,148903.50621725,143390.82921936,-17972.04655167,148241.24422658,0.4447591648404577,150,8,9.49957657
2026-04-25 08:56:11.359370+09:00,166873.7589329,148901.22539313,143386.82498617,-17972.53353977,148239.0810546,0.4446869639801836,150,8,9.49957657
2026-04-25 08:56:41.716833+09:00,166850.22153455,148869.05391127,143354.88717601,-17981.16762328,148206.95340566998,0.4447536195095523,150,8,9.49957657
2026-04-25 08:57:12.275755+09:00,166860.07409039,148877.93767184,143365.76503633,-17982.13641855,148215.70598949998,0.4448151906830584,150,8,9.49957657
2026-04-25 08:57:41.200727+09:00,166859.25793205,148890.09758002,143377.24378767,-17969.16035203,148227.73323175,0.444867965724864,150,8,9.49957657
2026-04-25 08:58:11.571122+09:00,166858.15952415,148892.97525967,143378.64518541,-17965.18426448,148230.53984051,0.4449071005564297,150,8,9.49957657
2026-04-25 08:58:41.581338+09:00,166856.70698694,148890.88087878,143377.17281174,-17965.82610816,148228.49042713002,0.4448831572091291,150,8,9.49957657
2026-04-25 08:59:12.744357+09:00,166856.51943348,148892.27369696,143377.77918856,-17964.24573652,148229.86944520002,0.4448882640533714,150,8,9.49957657
2026-04-25 08:59:42.012527+09:00,166844.80271822,148866.24188812,143352.89940481,-17978.5608301,148203.84584297,0.4449605476356565,150,8,9.49957657
2026-04-25 09:00:13.859910+09:00,166846.69148557,148871.91678033,143359.29522177,-17974.77470524,148209.47986728,0.4449710377730058,150,8,9.49957657
2026-04-25 09:00:42.134122+09:00,166855.5092878,148889.1341041,143368.7004689,-17966.3751837,148226.51543071,0.4450416596060742,150,8,9.49957657
2026-04-25 09:01:11.869472+09:00,166837.07250032,148869.545092,143357.88504621,-17967.52740832,148207.00159454998,0.4450497225880245,150,8,9.49957657
2026-04-25 09:01:42.013244+09:00,166853.90953698,148902.7307423,143379.60122678,-17951.17879468,148240.02818156,0.4450573588787386,150,8,9.49957657
2026-04-25 09:02:12.187352+09:00,166919.2535396,148997.00459506,143465.78888917,-17922.24894454,148334.24239571,0.4448157875060891,150,8,9.49957657
2026-04-25 09:02:53.621248+09:00,166902.94083749,148951.95214872,143438.37088597,-17950.98868877,148289.48718757002,0.4447507747253736,150,8,9.49957657
2026-04-25 09:03:24.048198+09:00,166923.50620772,148996.77576986,143480.10426126,-17926.73043786,148333.87242871,0.4449111987321918,150,8,9.49957657
2026-04-25 09:03:53.454951+09:00,166923.38040528,148992.48905889,143478.20994056,-17930.89134639,148329.71990309,0.4448339375940202,150,8,9.49957657
2026-04-25 09:04:24.051192+09:00,166902.2620583,148966.9101899,143444.06808562,-17935.3518684,148304.03402791,0.4449821515026249,150,8,9.49957657
2026-04-25 09:04:53.753942+09:00,166857.54919131,148876.99421092,143364.04091442,-17980.55498039,148214.57796942,0.444941977107308,150,8,9.49957657
2026-04-25 09:05:24.142930+09:00,166810.15252619,148823.82964599,143304.41543884,-17986.3228802,148161.35251735,0.445141836637215,150,8,9.49957657
2026-04-25 09:05:54.685275+09:00,166818.74952344,148851.77295289,143336.40206456,-17966.97657055,148189.31012604,0.4450486639884783,150,8,9.49957657
2026-04-25 09:06:24.123629+09:00,166819.72066286,148842.75881394,143330.53982639,-17976.96184892,148180.48696118,0.4449473108650646,150,8,9.49957657
2026-04-25 09:06:54.990047+09:00,166838.83351442,148878.23729533,143364.58624809,-17960.59621909,148215.73193621,0.4449981213881429,150,8,9.49957657
2026-04-25 09:07:23.789592+09:00,166831.17933565,148867.0252803,143355.98248467,-17964.15405535,148204.62524284,0.4449608878882174,150,8,9.49957657
2026-04-25 09:07:53.880892+09:00,166840.50438619,148877.99960965,143364.91444838,-17962.50477654,148215.65297249,0.4448922197347068,150,8,9.49957657
2026-04-25 09:08:24.734666+09:00,166847.22036289,148888.07628215,143372.43682161,-17959.14408074,148225.52871913,0.4449970605869343,150,8,9.49957657
2026-04-25 09:08:54.460679+09:00,166854.25806684,148897.8048878,143386.57603803,-17956.45317904,148235.26321889,0.4449640271119172,150,8,9.49957657
2026-04-25 09:09:24.296892+09:00,166851.06175115,148891.46171179,143376.29177481,-17959.60003936,148228.93425176002,0.444973440661398,150,8,9.49957657
2026-04-25 09:09:53.791207+09:00,166848.72229295,148874.53115888,143359.06490665,-17974.19113407,148212.21778414,0.4448802421639026,150,8,9.49957657
2026-04-25 09:10:24.264475+09:00,166818.82281638,148792.02377311,143277.40836693,-18026.79904327,148130.32771358002,0.4447120502500907,150,8,9.49957657
2026-04-25 09:10:53.981111+09:00,166812.6165489,148795.48266682,143286.45711373,-18017.13388208,148133.6181957,0.4448148957599971,150,8,9.49957657
2026-04-25 09:11:24.580033+09:00,166815.20590865,148789.3587549,143277.55703268,-18025.84715375,148127.54222606,0.4448009819910625,150,8,9.49957657
2026-04-25 09:12:04.974733+09:00,166779.44902329,148722.3677362,143206.69288784,-18057.08128709,148060.66184575998,0.4449269471110877,150,8,9.49957657
2026-04-25 09:12:35.271843+09:00,166770.76427325,148730.26476974,143216.33367167,-18040.49950351,148068.24961522,0.4451112593290365,150,8,9.49957657
2026-04-25 09:13:06.115565+09:00,166745.05671166,148698.27310014,143190.92554126,-18046.78361152,148036.19047128002,0.4452523994102636,150,8,9.49957657
2026-04-25 09:13:35.588048+09:00,166744.54894411,148698.15046214,143188.14223205,-18046.39848197,148036.06968480002,0.4452515214764371,150,8,9.49957657
2026-04-25 09:14:05.775309+09:00,166752.6802538,148704.71362648,143196.37276073,-18047.96662732,148042.63846813,0.4452280914329427,150,8,9.49957657
2026-04-25 09:14:35.373109+09:00,166752.84984073,148715.07287712,143205.34888281,-18037.77696361,148052.96716877,0.4452176202052386,150,8,9.49957657
2026-04-25 09:15:06.171964+09:00,166756.76539978,148709.29794759,143201.68656549,-18047.46745219,148047.31717291,0.4451508976347286,150,8,9.49957657
2026-04-25 09:15:35.431208+09:00,166759.86906378,148713.33309234,143202.86327792,-18046.53597144,148051.2133527,0.445232263894504,150,7,9.49957657
2026-04-25 09:16:05.469034+09:00,166794.83644808,148781.19402037,143273.61385485,-18013.64242771,148118.85384849,0.4451773466674272,150,7,9.49957657
2026-04-25 09:16:35.293926+09:00,166794.61789123,148788.66647214,143275.00760989,-18005.95141909,148126.22036488,0.445226187563177,150,7,9.49957657
2026-04-25 09:17:06.355351+09:00,166756.83918708,148719.86498968,143210.25557398,-18036.9741974,148057.56827969,0.4453317047026355,150,7,9.49957657
2026-04-25 09:17:35.447274+09:00,166755.0967632,148723.32118455,143210.89445416,-18031.77557865,148060.93477337,0.4453816697369527,150,7,9.49957657
2026-04-25 09:18:05.711376+09:00,166750.9608038,148708.00361743,143202.60880873,-18042.95718637,148045.74851464,0.4453392464966004,150,7,9.49957657
2026-04-25 09:18:35.347336+09:00,166722.1374048,148672.01988596,143162.71349414,-18050.11751884,148009.80820152,0.4454178297624223,150,7,9.49957657
2026-04-25 09:19:06.142995+09:00,166721.41937866,148669.15186487,143160.02695998,-18052.26751379,148006.89363866998,0.4454577280443135,150,7,9.49957657
2026-04-25 09:19:52.503862+09:00,166695.10057298,148630.78377078,143121.19872358,-18064.3168022,147968.55764823,0.4455511205345538,150,7,9.49957657
2026-04-25 09:20:23.065922+09:00,166690.20010161,148639.80016976,143130.86500344,-18050.39993185,147977.46490704,0.4455975196169219,150,7,9.49957657
2026-04-25 09:20:52.953852+09:00,166710.34921132,148677.41675465,143167.93166781,-18032.93245667,148014.98744066,0.4455480384644778,150,7,9.49957657
2026-04-25 09:21:23.245142+09:00,166701.38184881,148665.19877414,143156.3207276,-18036.18307467,148002.74239517,0.4456028609469245,150,7,9.49957657
2026-04-25 09:21:53.139837+09:00,166699.23438181,148660.46597337,143151.90656734,-18038.76840844,147998.09169725,0.4455618188622206,150,7,9.49957657
2026-04-25 09:22:22.415600+09:00,166690.61180874,148639.68014082,143131.6773856,-18050.93166792,147977.45585018,0.4455232209949686,150,7,9.49957657
2026-04-25 09:22:53.130342+09:00,166691.38961757,148641.22682378,143132.80801217,-18050.16279379,147978.93378003998,0.4455648395079343,150,7,9.49957657
2026-04-25 09:23:22.831143+09:00,166689.7998522,148636.64953893,143127.96419754,-18053.15031327,147974.50341794002,0.4454797138148452,150,7,9.49957657
2026-04-25 09:23:53.488543+09:00,166693.30224966,148636.36581871,143123.92482712,-18056.93643095,147974.24321825002,0.4454647399463351,150,7,9.49957657
2026-04-25 09:24:22.987140+09:00,166719.35040464,148667.94407718,143147.60707938,-18051.40632746,148005.77517188,0.4454012661641701,150,7,9.49957657
2026-04-25 09:24:53.751529+09:00,166694.9477255,148633.37324674,143122.56639908,-18061.57447876,147971.22841128,0.4454886685245319,150,7,9.49957657
2026-04-25 09:25:23.503120+09:00,166695.33811394,148630.6629678,143121.96346417,-18064.67514614,147968.5495721,0.4454756390634166,150,7,9.49957657
2026-04-25 09:25:52.961194+09:00,166708.09789638,148655.12619323,143146.54703044,-18052.97170315,147992.85518111,0.4455083582244881,150,7,9.49957657
2026-04-25 09:26:23.719182+09:00,166709.59211071,148663.96533764,143151.50237664,-18045.62677307,148001.65963048,0.4455052074359756,150,7,9.49957657
2026-04-25 09:26:54.151952+09:00,166666.87100651,148554.2832044,143047.37046309,-18112.58780211,147892.51252368002,0.4454739819312049,150,7,9.49957657
2026-04-25 09:27:24.268640+09:00,166652.45140965,148543.42525144,143040.8868096,-18109.02615821,147881.67588151,0.4454921978605612,150,7,9.49957657
2026-04-25 09:27:53.634532+09:00,166655.24735931,148550.99981639,143046.83713507,-18104.24754292,147889.21076637,0.4454961937906682,150,7,9.49957657
2026-04-25 09:28:24.403488+09:00,166651.68117916,148547.90327287,143041.84921793,-18103.77790629,147886.09353267,0.4455194086343387,150,7,9.49957657
2026-04-25 09:28:53.963814+09:00,166657.56424992,148535.57948766,143013.40300581,-18121.98476226,147873.82541189,0.4455188972585366,150,7,8.1268493
2026-04-25 09:29:26.306475+09:00,166627.55238862,148489.92014062,142984.4622162,-18137.632248,147828.23644608,0.445608492423853,150,7,8.1268493
2026-04-25 09:29:52.965422+09:00,166633.296065,148502.31855141,142999.03156662,-18130.97751359,147840.54614455,0.4456310267175399,150,7,8.1268493
2026-04-25 09:30:23.958063+09:00,166637.50909922,148496.78906625,142992.70164544,-18140.72003297,147835.06833251,0.4456128229444621,150,7,8.1268493
2026-04-25 09:30:53.344808+09:00,166649.68913422,148523.71413348,143018.97679823,-18125.97500074,147861.92753265,0.4455763880475306,150,7,8.1268493
2026-04-25 09:31:23.456208+09:00,166664.84111097,148536.74109272,143032.93847935,-18128.10001825,147875.05072818,0.4454725205846261,150,7,8.1268493
2026-04-25 09:32:07.019444+09:00,166638.19866649,148483.95541381,142977.24238422,-18154.24325268,147822.4051765,0.4455365129965223,150,7,8.1268493
2026-04-25 09:32:34.443860+09:00,166642.28424959,148484.53040819,142982.17266691,-18157.7538414,147823.04169992002,0.44549334967861,150,7,8.1268493
2026-04-25 09:33:08.183152+09:00,166645.71345675,148480.53867543,142972.83515853,-18165.17478132,147819.20415073,0.4454014853391929,150,7,8.1268493
2026-04-25 09:33:35.076075+09:00,166647.09411454,148486.09633198,142977.50463128,-18160.99778256,147824.65385767,0.4454575146424283,150,7,8.1268493
2026-04-25 09:34:04.842448+09:00,166658.2117503,148517.82123191,143014.13790512,-18140.39051839,147856.30118447,0.4454145919680837,150,7,8.1268493
2026-04-25 09:34:34.579625+09:00,166692.99671179,148577.40381083,143069.89600368,-18115.59290096,147915.55972101,0.4454540682799017,150,7,8.1268493
2026-04-25 09:35:05.653564+09:00,166686.51324149,148566.29575182,143061.24597108,-18120.21748967,147904.5293992,0.4454350492291203,150,7,8.1268493
2026-04-25 09:35:34.111415+09:00,166683.21917115,148560.53834069,143052.18403255,-18122.68083046,147898.89691461,0.4453682205719227,150,7,8.1268493
2026-04-25 09:36:05.139536+09:00,166678.92318608,148547.56568715,143044.47050389,-18131.35749893,147886.0455019,0.4453254970486698,150,7,8.1268493
2026-04-25 09:36:34.457123+09:00,166680.82734057,148554.51852182,143051.20468454,-18126.30881875,147892.92372258,0.445354881038387,150,7,8.1268493
2026-04-25 09:37:04.247821+09:00,166678.11975746,148547.11369619,143043.27387778,-18131.00606127,147885.54721934,0.4453580149682626,150,7,8.1268493
2026-04-25 09:37:35.302062+09:00,166691.8289821,148580.8890715,143077.28080812,-18110.9399106,147919.19967628,0.445339504531826,150,7,8.1268493
2026-04-25 09:38:04.538596+09:00,166691.77286799,148583.77839633,143079.0891902,-18107.99447166,147922.09121371,0.4453293554394789,150,7,8.1268493
2026-04-25 09:38:34.235125+09:00,166699.82514519,148592.73298245,143085.94267279,-18107.09216274,147931.03801725,0.4453077562535655,150,7,8.1268493
2026-04-25 09:39:04.726263+09:00,166693.72241688,148581.38506404,143075.36673541,-18112.33735284,147919.72467198,0.4453184978554468,150,7,8.1268493
2026-04-25 09:39:34.671772+09:00,166687.49404821,148569.73362068,143064.99441822,-18117.76042753,147908.26032619,0.4452274890515971,150,7,8.1268493
2026-04-25 09:40:04.544713+09:00,166749.85085762,148672.85497165,143164.98714349,-18076.99588597,148011.02768557,0.4451567747227306,150,7,8.1268493
2026-04-25 09:40:35.390262+09:00,166758.46542417,148678.97986256,143170.49409822,-18079.48556161,148017.17790319,0.44512140181603,150,7,8.1268493
2026-04-25 09:41:23.843359+09:00,166774.4247979,148714.24685638,143207.68928706,-18060.17794152,148052.36133689998,0.4450720314101529,150,7,8.1268493
2026-04-25 09:41:53.279744+09:00,166800.79881035,148768.57029652,143257.33620185,-18032.22851383,148106.59437958,0.4449702753885274,150,7,8.1268493
2026-04-25 09:42:23.423041+09:00,166813.1299037,148789.00487153,143280.59232124,-18024.12503217,148126.87662688998,0.4450115418217269,150,7,8.1268493
2026-04-25 09:42:53.232981+09:00,166816.00038373,148795.03121386,143283.55909632,-18020.96916987,148132.90706802,0.4449907637630337,150,7,8.1268493
2026-04-25 09:43:23.970918+09:00,166819.82171696,148809.71308407,143298.50911532,-18010.10863289,148147.45870988,0.4450343734053567,150,7,8.1268493
2026-04-25 09:43:54.153449+09:00,166824.44202893,148818.43771957,143307.26617805,-18006.00430936,148156.07096014,0.4450838011605447,150,7,8.1268493
2026-04-25 09:44:23.470140+09:00,166819.6790749,148814.61154645,143302.52333773,-18005.06752845,148152.23882326,0.4450992522217828,150,7,8.1268493
2026-04-25 09:44:54.533647+09:00,166812.0440998,148802.55431135,143292.41700972,-18009.48978845,148140.29615096998,0.4450583280944969,150,7,8.1268493
2026-04-25 09:45:23.974945+09:00,166755.10517561,148697.77139494,143183.04807295,-18057.33378067,148035.54929712,0.4453476952664905,150,7,8.1268493
2026-04-25 09:45:53.357414+09:00,166755.50305467,148703.31699762,143194.42335836,-18052.18605705,148041.0010275,0.4453942141254323,150,7,8.1268493
2026-04-25 09:46:23.573035+09:00,166757.06320553,148709.79026409,143201.95174134,-18047.27294144,148047.430637,0.4454041834863274,150,7,8.1268493
2026-04-25 09:46:54.414846+09:00,166760.7533131,148727.70477731,143219.54739991,-18033.04853579,148065.29076176998,0.4453871029152454,150,7,8.1268493
2026-04-25 09:47:23.961597+09:00,166785.60189718,148768.11656701,143259.65383922,-18017.48533017,148105.68423865,0.4452784263499222,150,7,8.1268493
2026-04-25 09:47:53.324334+09:00,166808.89649496,148807.26735171,143296.68204647,-18001.62914325,148144.64977017,0.4452857668395223,150,7,8.1268493
2026-04-25 09:48:24.165560+09:00,166823.64527733,148827.8003438,143316.46350694,-17995.84493353,148165.1622466,0.4452381179250593,150,7,8.1268493
2026-04-25 09:48:54.073588+09:00,166850.26252203,148876.00747725,143360.86780956,-17974.25504478,148213.18623201002,0.4452169671068636,150,7,8.1268493
2026-04-25 09:49:24.316332+09:00,166819.02963093,148831.83733641,143322.61727091,-17987.19229452,148169.19552838002,0.4452285343573409,150,7,8.1268493
2026-04-25 09:49:53.971617+09:00,166819.49100791,148835.60136214,143318.74684292,-17983.88964577,148172.97070777,0.4452097806610914,150,7,8.1268493
2026-04-25 09:50:24.132241+09:00,166819.01800456,148834.53356174,143323.66560121,-17984.48444282,148171.90024844,0.4452147612806031,150,7,8.1268493
2026-04-25 09:50:54.369055+09:00,166822.13145667,148833.22681633,143317.80856489,-17988.90464034,148170.56235659998,0.4452395973029406,150,7,8.1268493
2026-04-25 09:51:24.779497+09:00,166831.95706532,148848.36994926,143337.11756472,-17983.58711606,148185.58605697,0.445274538455431,150,7,8.1268493
2026-04-25 09:51:53.794660+09:00,166835.00603938,148850.41218756,143339.13239652,-17984.59385182,148187.66426043998,0.4452442673016584,150,7,8.1268493
2026-04-25 09:52:24.391255+09:00,166834.1918102,148854.08556653,143333.02382965,-17980.10624367,148191.31604981,0.4452477835576616,150,7,8.1268493
2026-04-25 09:52:53.921272+09:00,166819.52174772,148824.28889043,143314.44003685,-17995.23285729,148161.70761699,0.4452104413734623,150,7,8.1268493
2026-04-25 09:53:24.594571+09:00,166827.24980558,148843.11941318,143333.94511635,-17984.1303924,148180.40059958,0.4452465227904357,150,7,8.1268493
2026-04-25 09:54:05.367944+09:00,166825.2002242,148857.91594432,143345.32934908,-17967.28427988,148195.05477905,0.4452978943477496,150,7,8.1268493
2026-04-25 09:54:35.628920+09:00,166824.13269118,148849.75916068,143336.46521944,-17974.3735305,148186.98946623,0.4452608443488006,150,7,8.1268493
2026-04-25 10:09:04.326493+09:00,166867.79683186,148991.4174885,143471.49664999,-17876.37934336,148327.46910472002,0.4456286106756768,150,7,8.1268493
2026-04-25 10:09:30.337999+09:00,166890.47522275,149031.28357291,143513.15781888,-17859.19164984,148367.20209808002,0.4455987084786222,150,7,8.1268493
2026-04-25 10:10:00.472542+09:00,166898.4333445,149037.85961175,143518.62291419,-17860.57373275,148373.77575047,0.4455806484405821,150,7,8.1268493
2026-04-25 10:10:29.845794+09:00,166895.45130615,149043.17926792,143523.49034562,-17852.27203823,148378.97389108,0.4456462751952067,150,7,8.1268493
2026-04-25 10:10:59.739293+09:00,166918.29299374,149077.81085404,143556.64052687,-17840.4821397,148413.48205574,0.4456255391021505,150,7,8.1268493
2026-04-25 10:11:30.708983+09:00,166915.77583697,149070.15756673,143548.80255523,-17845.61827024,148405.93913558,0.4455743805413691,150,7,8.1268493
2026-04-25 10:12:01.099379+09:00,166916.26046547,149065.60340705,143546.33270985,-17850.65705842,148401.50714508,0.445506036799494,150,7,8.1268493
2026-04-25 10:12:31.762127+09:00,166934.21935607,149102.887167,143579.50081933,-17831.33218907,148438.66627317,0.4454782240977341,150,7,8.1268493
2026-04-25 10:13:01.033792+09:00,166924.7994005,149092.87396739,143573.89709513,-17831.92543311,148428.74127454002,0.4454489843661213,150,7,8.1268493
2026-04-25 10:13:31.202857+09:00,166950.87138901,149130.04227763,143609.33100884,-17820.82911138,148465.77273566002,0.4454297281920925,150,7,8.1268493
2026-04-25 10:14:02.251525+09:00,166969.70889015,149155.39553919,143634.014141,-17814.31335096,148491.05714018,0.4454001791946222,150,7,8.1268493
2026-04-25 10:14:31.356376+09:00,167028.5909341,149241.84050312,143718.17876352,-17786.75043098,148577.44829293,0.4451782475679871,150,7,8.1268493
2026-04-25 10:20:45.379509+09:00,167085.27179925,149361.23932812,143832.12018627,-17724.03247113,148696.17690192998,0.4452710952196752,150,7,8.1268493
2026-04-25 10:21:15.696858+09:00,167056.35061842,149312.39154193,143787.15001378,-17743.95907649,148647.56078321,0.4452616101412465,150,7,8.1268493
2026-04-25 10:21:43.401549+09:00,167063.56144814,149324.92186118,143800.20382876,-17738.63958696,148660.05405431995,0.4452490572726331,150,7,8.1268493
2026-04-25 10:22:13.504849+09:00,167037.54178268,149261.20802803,143721.63637616,-17776.33375465,148596.73438197,0.4451750423560939,150,7,8.1268493
2026-04-25 10:22:43.424172+09:00,166983.17808918,149114.00506144,143592.25762321,-17869.17302774,148450.29752067,0.4451007405350893,150,7,8.1268493
2026-04-25 10:23:14.527080+09:00,167007.68769924,149171.09507513,143653.28023008,-17836.59262411,148507.09960383,0.4451234141343393,150,7,8.1268493
2026-04-25 10:23:44.164828+09:00,167025.42384833,149194.70202624,143672.13690333,-17830.72182209,148530.65235433,0.445089311410809,150,7,8.1268493
2026-04-25 10:24:17.559514+09:00,167016.24007021,149167.80936292,143647.71720368,-17848.43070729,148503.83910405,0.4451163167882849,150,7,8.1268493
2026-04-25 10:24:45.965480+09:00,167016.12997327,149174.28313362,143654.16348288,-17841.84683965,148510.19782693998,0.4451741229989075,150,7,8.1268493
2026-04-25 10:25:15.380143+09:00,167012.9223677,149180.53239529,143657.36656753,-17832.38997241,148516.29340692,0.4452584916441628,150,7,8.1268493
2026-04-25 10:25:43.896134+09:00,167006.86725566,149171.01026034,143651.84194663,-17835.85699532,148506.67770688,0.4453496375070308,150,7,8.1268493
2026-04-25 10:26:14.536169+09:00,167021.02156365,149208.70433565,143685.05234098,-17812.317228,148544.17495798,0.4453690423952204,150,7,8.1268493
2026-04-25 10:26:43.631209+09:00,167026.57690007,149219.4481718,143691.28299539,-17807.12872827,148554.86340661,0.4453740938814137,150,7,8.1268493
2026-04-25 10:27:13.898004+09:00,167017.64273717,149208.47420035,143685.66430486,-17809.16853682,148543.95768121,0.4453611114927152,150,7,8.1268493
2026-04-25 10:27:43.599985+09:00,166999.64116903,149172.75043626,143645.83329092,-17826.89073277,148508.41310851,0.4453476427880605,150,7,8.1268493
2026-04-25 10:28:14.422599+09:00,166996.53018963,149171.31340284,143653.08245,-17825.21678679,148506.96892105,0.4453567288744887,150,7,8.1268493
2026-04-25 10:28:44.159670+09:00,166999.08311038,149186.99089384,143665.23557198,-17812.09221654,148522.58323307,0.4453522768904066,150,7,8.1268493
2026-04-25 10:29:14.229891+09:00,166985.36560977,149161.92388356,143636.58125552,-17823.44172621,148497.5201164,0.4454245090581242,150,7,8.1268493
2026-04-25 10:29:44.730673+09:00,166972.77676496,149155.1854156,143636.03000826,-17817.59134936,148490.79625940998,0.4454348364347996,150,7,8.1268493
2026-04-25 10:30:16.374246+09:00,166996.79229534,149193.84401092,143672.2595715,-17802.94828442,148529.4252665,0.4453392489648359,150,7,8.1268493
2026-04-25 10:30:44.218781+09:00,167030.20893988,149245.49552554,143720.45147481,-17784.71341434,148580.89762912,0.4453051625308645,150,7,8.1268493
2026-04-25 10:31:14.096880+09:00,166996.20732462,149182.55688968,143662.18930245,-17813.65043494,148518.22291924,0.44531611757484,150,7,8.1268493
2026-04-25 10:31:43.802634+09:00,167027.72129269,149243.40852176,143720.87934246,-17784.31277093,148578.91861383998,0.4452390323309427,150,7,8.1268493
2026-04-25 10:32:13.915701+09:00,167029.75843256,149251.15607039,143727.77607674,-17778.60236217,148586.63511355,0.4452367233434346,150,7,8.1268493
2026-04-25 10:32:44.340463+09:00,167046.14760524,149282.18331841,143760.27717638,-17763.96428683,148617.58267884,0.4451975612873014,150,7,8.1268493
2026-04-25 10:33:13.757732+09:00,167071.94790864,149312.97196696,143786.59897965,-17758.97594168,148648.27986771,0.4451670142880038,150,7,8.1268493
2026-04-25 10:33:43.453401+09:00,167068.79316819,149311.02323846,143788.15440943,-17757.76992973,148646.29020958,0.4452002367021325,150,7,8.1268493
2026-04-25 10:34:13.776176+09:00,167074.87422445,149315.23565547,143788.99142987,-17759.63856898,148650.47722912,0.4452046862008534,150,7,8.1268493
2026-04-25 10:34:44.729571+09:00,167095.09979414,149352.9950242,143828.98745635,-17742.10476994,148688.13842356,0.4451578627748789,150,7,8.1268493
2026-04-25 10:35:13.978764+09:00,167111.58029758,149401.44067551,143875.49681933,-17710.13962207,148736.35677676002,0.4451656528497058,150,7,8.1268493
2026-04-25 10:35:43.480085+09:00,167127.31346278,149416.49736124,143889.44678995,-17710.81610154,148751.40736528,0.4451248742312778,150,7,8.1268493
2026-04-25 10:36:14.442482+09:00,167115.82803691,149388.65972869,143853.658744,-17727.16830822,148723.67468106,0.4451375685662505,150,7,8.1268493
2026-04-25 10:36:44.565415+09:00,167124.04437852,149413.27757215,143888.17872535,-17710.76680637,148748.25604187,0.4450886434499561,150,7,8.1268493
2026-04-25 10:37:13.942503+09:00,167087.53703173,149347.14096791,143820.97490972,-17740.39606382,148682.26648078,0.4451872883678842,150,7,8.1268493
2026-04-25 10:37:44.087085+09:00,167081.51638985,149325.43299393,143797.25628472,-17756.08339592,148660.71108698,0.4451498272079482,150,7,8.1268493
2026-04-25 10:38:13.980186+09:00,167101.30944964,149345.58720818,143823.86958954,-17755.72224146,148680.96730524,0.4450214535053884,150,7,8.1268493
2026-04-25 10:38:43.665363+09:00,167103.10429491,149359.50463464,143832.7276416,-17743.59966027,148694.84443679,0.4450069645556722,150,7,8.1268493
2026-04-25 10:39:13.463211+09:00,167095.22230457,149351.23920779,143826.80928821,-17743.98309678,148686.39549105,0.445154469602367,150,7,8.1268493
2026-04-25 10:39:43.950286+09:00,167091.41913139,149344.50563136,143819.02824734,-17746.91350003,148679.69931423,0.4451494980143421,150,7,8.1268493
2026-04-25 10:40:14.170146+09:00,167100.24250492,149368.29068557,143841.1790519,-17731.95181935,148703.37337054,0.4451529250138467,150,7,8.1268493
2026-04-25 10:40:43.667356+09:00,167116.62510577,149410.7410204,143873.98722556,-17705.88408537,148745.60807257998,0.4451707710419462,150,7,8.1268493
2026-04-25 10:41:13.985921+09:00,167123.04022717,149420.3176211,143892.39560242,-17702.72260607,148755.1160657,0.4451881551254749,150,7,8.1268493
2026-04-25 10:41:43.437647+09:00,167104.66377794,149400.41883777,143875.73964789,-17704.24494017,148735.29264013,0.4451970100313059,150,7,8.1268493
2026-04-25 10:42:14.521249+09:00,167115.36588672,149416.87036227,143891.19590492,-17698.49552445,148751.52534690002,0.4452944394811856,150,7,8.1268493
2026-04-25 10:42:43.565814+09:00,167114.55151343,149410.84972677,143883.84831531,-17703.70178666,148745.65842914995,0.4452095004053896,150,7,8.1268493
2026-04-25 10:43:13.527285+09:00,167128.16782826,149435.34263766,143909.67648005,-17692.8251906,148770.1403458,0.4451438863916779,150,7,8.1268493
2026-04-25 10:43:44.270743+09:00,167128.80205561,149431.89715327,143903.95764331,-17696.90490234,148766.64570522998,0.4451870455460134,150,7,8.1268493
2026-04-25 10:44:13.959069+09:00,167128.83035975,149424.13301499,143893.03346585,-17704.69734476,148758.91823403,0.4451856387169177,150,7,8.1268493
2026-04-25 10:44:44.258472+09:00,167140.19524121,149435.43035455,143909.30261702,-17704.76488666,148770.26124834,0.4451214177466629,150,7,8.1268493
2026-04-25 10:45:14.343243+09:00,167142.38100132,149451.99631839,143924.20790997,-17690.38468293,148786.71311035,0.4451484251991467,150,7,8.1268493
2026-04-25 10:45:43.660222+09:00,167184.37422397,149536.94025209,144008.67679748,-17647.43397188,148871.30150231,0.4451333220125164,150,7,8.1268493
2026-04-25 10:46:13.655038+09:00,167233.36269065,149623.25213263,144088.93698862,-17610.11055802,148957.46169089,0.4449779243869299,150,7,8.1268493
2026-04-25 10:46:43.561615+09:00,167221.49911988,149620.03485498,144066.67625252,-17601.4642649,148954.19417553002,0.4450210696016543,150,7,8.1268493
2026-04-25 10:47:13.948134+09:00,167183.45524183,149544.20708322,144013.82062135,-17639.24815861,148878.59338266,0.4450949411832394,150,7,8.1268493
2026-04-25 10:47:44.294542+09:00,167173.81256831,149524.42824636,143996.28210472,-17649.38432195,148858.93341539,0.4450743191430332,150,7,8.1268493
2026-04-25 10:48:14.064367+09:00,167185.9591538,149539.13258907,144009.55793122,-17646.82656473,148873.53619253,0.4450984735674795,150,7,8.1268493
2026-04-25 10:48:43.412272+09:00,167188.11140299,149555.41499979,144024.16460019,-17632.6964032,148889.73784062,0.4451040165753508,150,7,8.1268493
2026-04-25 10:49:13.678348+09:00,167207.30793795,149587.17042305,144053.27132525,-17620.1375149,148921.37444905,0.4450889552339623,150,7,8.1268493
2026-04-25 10:49:44.207917+09:00,167196.59546143,149556.30788182,144022.93654374,-17640.28757961,148890.73730043,0.4450300965680008,150,7,8.1268493
2026-04-25 10:50:13.928752+09:00,167188.93480241,149564.34929069,144032.12654045,-17624.58551172,148898.66154610002,0.4450845055971085,150,7,8.1268493
2026-04-25 10:50:43.741900+09:00,167155.51940998,149506.38918263,143975.73305318,-17649.13022735,148840.86884165,0.4451450835101312,150,7,8.1268493
2026-04-25 10:51:13.736165+09:00,167128.45238626,149467.88385485,143938.11867389,-17660.56853141,148802.38189763998,0.445247460555658,150,7,8.1268493
2026-04-25 10:51:45.044309+09:00,167153.09540114,149513.39250402,143981.51530145,-17639.70289712,148847.8378576,0.4451471773019297,150,7,8.1268493
2026-04-25 10:52:14.467524+09:00,167155.69420079,149510.33673557,143962.46304979,-17645.35746522,148844.93326544,0.4450551611738119,150,7,8.1268493
2026-04-25 10:52:43.306286+09:00,167140.17692021,149483.6181208,143957.24529053,-17656.55879941,148818.3269594,0.4450595789448767,150,7,8.1268493
2026-04-25 10:53:13.606319+09:00,167153.22488788,149501.85829539,143971.22294363,-17651.36659249,148836.4689831,0.4450709308076324,150,7,8.1268493
2026-04-25 10:53:43.615815+09:00,167140.21738087,149476.76537219,143941.9758388,-17663.45200868,148811.46236412,0.4450879080862013,150,7,8.1268493
2026-04-25 10:54:13.578288+09:00,167095.67440617,149405.01271349,143877.77018756,-17690.66169268,148739.86354355,0.4451986970581361,150,7,8.1268493
2026-04-25 10:54:44.189291+09:00,167099.34940862,149400.95197102,143875.08425757,-17698.3974376,148735.88746853,0.4451541263398413,150,7,8.1268493
2026-04-25 10:55:13.866935+09:00,167123.48593568,149438.53454166,143911.20954464,-17684.95139402,148773.35860854998,0.4451167399025613,150,7,8.1268493
2026-04-25 10:55:44.005891+09:00,167114.14705847,149415.75493764,143884.15323705,-17698.39212083,148750.72504419,0.4450868609722958,150,7,8.1268493
2026-04-25 10:56:14.478180+09:00,167086.52213711,149360.96768847,143834.2306853,-17725.55444864,148696.23668044,0.4450500142824893,150,7,8.1268493
2026-04-25 10:56:44.377190+09:00,167093.21094738,149369.74214535,143844.62014622,-17723.46880203,148704.97321892,0.4450492562162428,150,7,8.1268493
2026-04-25 10:57:13.889926+09:00,167089.98070559,149358.57973985,143833.42866071,-17731.40096574,148693.94039471002,0.4449957587288634,150,7,8.1268493
2026-04-25 10:57:43.987459+09:00,167090.39109441,149351.08225267,143828.91212126,-17739.30884174,148686.48201875,0.4449919102666019,150,7,8.1268493
2026-04-25 10:58:13.805323+09:00,167089.09365548,149364.38707298,143838.24519258,-17724.7065825,148699.6084343,0.445071714688714,150,7,8.1268493
2026-04-25 10:58:43.778825+09:00,167086.67953487,149359.26495981,143833.88690815,-17727.41457506,148694.41081773,0.4451375294722431,150,7,8.1268493
2026-04-25 10:59:13.877415+09:00,167087.51262703,149351.49680244,143824.10483605,-17736.01582459,148686.64158146,0.4451614046154896,150,7,8.1268493
2026-04-25 10:59:43.872754+09:00,167083.23846971,149341.75103058,143816.74029742,-17741.48743913,148677.00816512998,0.4451152212042055,150,7,8.1268493
2026-04-25 11:00:15.888284+09:00,167068.08100682,149321.13142339,143795.35680457,-17746.94958343,148656.42973211,0.4451491124824678,150,7,8.1268493
2026-04-25 11:00:44.060670+09:00,167074.96852073,149337.76395445,143810.07107647,-17737.20456628,148673.00100324998,0.4451405549387772,150,7,8.1268493
2026-04-25 11:01:13.833195+09:00,167079.48418697,149349.10964928,143820.22428173,-17730.37453769,148684.27473277,0.4451549246401584,150,7,8.1268493
2026-04-25 11:01:44.292139+09:00,167068.93360695,149338.4388996,143809.64525551,-17730.49470735,148673.56702164002,0.4452114826290586,150,7,8.1268493
2026-04-25 11:02:14.019428+09:00,167079.30195084,149348.96268965,143820.65868173,-17730.33926119,148684.19478494002,0.4451104933961948,150,7,8.1268493
2026-04-25 11:02:43.862579+09:00,167096.23116587,149377.11830171,143852.69499025,-17719.11286416,148712.33326227,0.4450380667387596,150,7,8.1268493
2026-04-25 11:03:14.583754+09:00,167098.57064442,149379.21538635,143845.5386275,-17719.35525807,148714.47541103,0.445001651401593,150,7,8.1268493
2026-04-25 11:03:44.158281+09:00,167079.2959161,149357.96886655,143830.89015214,-17721.32704955,148693.21477556002,0.4450744048239915,150,7,8.1268493
2026-04-25 11:04:13.833186+09:00,166942.54409018,149131.17039506,143608.35799037,-17811.37369512,148466.92438332,0.445410580484523,150,7,8.1268493
2026-04-25 11:04:43.636495+09:00,166920.45606735,149088.01253728,143563.41072256,-17832.44353007,148423.95634884,0.4454121945410939,150,7,8.1268493
2026-04-25 11:05:13.462805+09:00,166912.89934062,149073.08162036,143555.39661306,-17839.81772026,148409.10744721998,0.4454017894598324,150,7,8.1268493
2026-04-25 11:05:43.780551+09:00,166919.00741414,149084.73764662,143563.96795411,-17834.26976752,148420.78957197,0.4453494604013563,150,7,8.1268493
2026-04-25 11:06:13.666638+09:00,166938.34386624,149123.01428671,143600.58529547,-17815.32957953,148458.9614627,0.4453053924548928,150,7,8.1268493
2026-04-25 11:06:43.810861+09:00,166944.99370875,149136.88906047,143616.58853742,-17808.10464828,148472.73266611,0.4453334104955795,150,7,8.1268493
2026-04-25 11:07:13.896936+09:00,166967.62562903,149164.30394842,143634.47386216,-17803.32168061,148500.10971218,0.4452769319861364,150,7,8.1268493
2026-04-25 11:07:43.494083+09:00,166985.70099891,149209.44346908,143685.33965464,-17776.25752983,148545.02625632,0.4452916633910535,150,7,8.1268493
2026-04-25 11:08:13.567249+09:00,166974.11917993,149176.36503467,143647.02279472,-17797.75414526,148512.14142963,0.4452606181184454,150,7,8.1268493
2026-04-25 11:08:43.994908+09:00,166987.34963845,149186.77448996,143663.90303732,-17800.57514849,148522.56771313,0.4452182702527025,150,7,8.1268493
2026-04-25 11:09:13.343139+09:00,166996.25384321,149196.55806585,143674.52977877,-17799.69577736,148532.36718608,0.4451784199182732,150,7,8.1268493
2026-04-25 11:09:43.946431+09:00,167053.2395393,149275.10807152,143748.08385152,-17778.13146778,148610.81138225,0.4450150449408653,150,7,8.1268493
2026-04-25 11:10:14.540707+09:00,167042.64160553,149254.03034949,143732.30281498,-17788.61125604,148589.73133251,0.4450794497304306,150,7,8.1268493
2026-04-25 11:10:43.483534+09:00,167032.43338048,149230.11091665,143707.00859892,-17802.32246383,148565.91438371,0.4450821143669697,150,7,8.1268493
2026-04-25 11:11:13.724115+09:00,167046.08788199,149275.04211104,143753.14940332,-17771.04577095,148610.66780573002,0.445067236903405,150,7,8.1268493
2026-04-25 11:11:43.149852+09:00,167076.12542247,149326.7501999,143802.05109544,-17749.37522257,148662.26194814002,0.4449894281302353,150,7,8.1268493
2026-04-25 11:12:14.095454+09:00,167078.80409529,149323.60198888,143799.82103168,-17755.20210641,148659.17087969,0.4449605422989191,150,7,8.1268493
2026-04-25 11:12:44.223040+09:00,167084.10670128,149332.32937015,143808.47140981,-17751.77733113,148667.87349601,0.4449511213965018,150,7,8.1268493
2026-04-25 11:13:13.696550+09:00,167107.12948535,149383.28496836,143858.27163548,-17723.84451699,148718.67458806,0.4449027750599856,150,7,8.1268493
2026-04-25 11:13:43.859622+09:00,167165.49634138,149473.51057908,143944.772857,-17691.9857623,148808.72511991,0.4447513519917568,150,7,8.1268493
2026-04-25 11:14:13.649758+09:00,167188.59410581,149505.93513919,143973.7172487,-17682.65896662,148841.0622034,0.4447134056390493,150,7,8.1268493
2026-04-25 11:14:44.215172+09:00,167172.72417372,149495.36616755,143963.79009173,-17677.35800617,148830.46873504,0.444761232107223,150,7,8.1268493
2026-04-25 11:15:13.998974+09:00,167121.38270051,149425.63482193,143818.22942083,-17695.74787858,148760.76919795,0.4449474983140061,150,7,8.1268493
2026-04-25 11:15:43.465988+09:00,167022.85746289,149240.35038295,143718.9429074,-17782.50707994,148575.97741088,0.4451698018432831,150,7,8.1268493
2026-04-25 11:16:13.677522+09:00,167031.18279394,149261.4970881,143738.8389019,-17769.68570584,148597.08717821,0.4451314792172017,150,7,8.1268493
2026-04-25 11:16:44.317329+09:00,167041.38181679,149268.35404316,143747.20167811,-17773.02777363,148603.97388582,0.4450910989129675,150,7,8.1268493
2026-04-25 11:17:13.905359+09:00,167048.97159749,149289.10825742,143766.6797917,-17759.86334007,148624.68368582003,0.4450589727244731,150,7,8.1268493
2026-04-25 11:17:43.745158+09:00,167066.17708546,149303.03107868,143779.26614003,-17763.14600678,148638.59728023002,0.4450236499886298,150,7,8.1268493
2026-04-25 11:18:14.395204+09:00,167075.89123723,149316.27856811,143791.36201552,-17759.61266912,148651.68628906,0.4450903045690688,150,7,8.1268493
2026-04-25 11:18:43.610360+09:00,167100.19242223,149354.30262403,143830.19450172,-17745.8897982,148689.57615804,0.4450668339052258,150,7,8.1268493
2026-04-25 11:19:14.130790+09:00,167098.89772276,149359.04579873,143833.31290442,-17739.85192403,148694.32986211998,0.4450456502686442,150,7,8.1268493
2026-04-25 11:19:44.964533+09:00,167087.67940846,149334.14008447,143808.2367764,-17753.53932399,148669.59486872,0.4450055528990917,150,7,8.1268493
2026-04-25 11:20:14.745681+09:00,167077.98808452,149322.8389532,143795.62502454,-17755.14913132,148658.29629033,0.4450375224102707,150,7,8.1268493
2026-04-25 11:20:43.271416+09:00,167075.4041177,149296.2484187,143773.6790711,-17779.155699,148631.89410484,0.444990628295511,150,7,8.1268493
2026-04-25 11:21:14.559978+09:00,167075.96655195,149298.90868328,143774.30700623,-17777.05786867,148634.42936819998,0.4450664247584115,150,7,8.1268493
2026-04-25 11:21:46.088093+09:00,167068.64242957,149300.85172878,143778.10682802,-17767.79070079,148636.23327562,0.4451538256240802,150,7,8.1268493
2026-04-25 11:22:14.581477+09:00,167067.8361933,149297.90753465,143775.45971318,-17769.92865865,148633.33203294,0.4451338352185285,150,7,8.1268493
2026-04-25 11:22:43.529036+09:00,167048.36488228,149256.50855687,143731.59731819,-17791.85632541,148592.18192931998,0.4450905585111399,150,7,8.1268493
2026-04-25 11:23:15.620144+09:00,167048.14572545,149254.48978824,143732.11335175,-17793.65593721,148590.17545481998,0.4450883416388472,150,7,8.1268493
2026-04-25 11:23:43.422344+09:00,167059.23796573,149279.22097211,143757.76522909,-17780.01699362,148614.77188677,0.4451048719393704,150,7,8.1268493
2026-04-25 11:24:14.989906+09:00,167074.98708517,149315.05492841,143791.36751223,-17759.93215676,148650.44895668002,0.4451031224203408,150,7,8.1268493
2026-04-25 11:24:43.536217+09:00,167106.69635569,149375.52435677,143845.17229858,-17731.17199892,148710.72395579002,0.4450530994570328,150,7,8.1268493
2026-04-25 11:25:15.729784+09:00,167111.85827967,149386.05712336,143861.94193571,-17725.80115631,148721.16407425998,0.4450837393418482,150,7,8.1268493
2026-04-25 11:25:43.972354+09:00,167106.07939199,149377.66970935,143850.54513255,-17728.40968264,148712.76292261,0.4451179269523585,150,7,8.1268493
2026-04-25 11:26:14.162820+09:00,167103.1956276,149386.56360459,143862.82971778,-17716.63202301,148721.66133695998,0.4450884012500107,150,7,8.1268493
2026-04-25 11:26:44.391651+09:00,167122.57988483,149406.77974858,143874.73178717,-17715.80013625,148741.89237218,0.4450182096949447,150,7,8.1268493
2026-04-25 11:27:14.031225+09:00,167111.24998051,149404.0676539,143877.0650203,-17707.18232661,148739.15298177002,0.4450445577360712,150,7,8.1268493
2026-04-25 11:27:43.648145+09:00,167170.04401234,149520.55980168,143985.54434628,-17649.48421066,148855.21012896,0.4449887517826991,150,7,8.1268493
2026-04-25 11:28:13.546652+09:00,167171.90797,149507.90230558,143979.13103366,-17664.00566442,148842.65324719,0.4449591279999995,150,7,8.1268493
2026-04-25 11:28:43.975317+09:00,167185.81440337,149527.49604426,143997.91307839,-17658.31835911,148862.24850726002,0.444899804115684,150,7,8.1268493
2026-04-25 11:29:13.404240+09:00,167171.95545518,149504.03875268,143976.73149087,-17667.9167025,148838.78909242002,0.4449710294184777,150,7,8.1268493
2026-04-25 11:29:43.892645+09:00,167165.34724377,149494.58601499,143965.59107269,-17670.76122878,148829.37471024,0.4449735087284688,150,7,8.1268493
2026-04-25 11:30:15.421789+09:00,167171.13381517,149508.24223853,143978.63341383,-17662.89157664,148842.95063557,0.4449865726456562,150,7,8.1268493
2026-04-25 11:30:43.861705+09:00,167177.18635186,149523.24476377,143992.83244149,-17653.94158809,148857.83986382,0.4450176967475962,150,7,8.1268493
2026-04-25 11:31:13.737963+09:00,167175.55250363,149518.63864121,143983.97318663,-17656.91386242,148853.2946168,0.4449906917669188,150,7,8.1268493
2026-04-25 11:31:44.007939+09:00,167157.43618614,149486.12122942,143958.34121818,-17671.31495672,148820.92975538,0.4449854398316445,150,7,8.1268493
2026-04-25 11:32:16.275021+09:00,167169.43002827,149518.17868656,143988.62340716,-17651.25134171,148852.78792856,0.4450233167933921,150,7,8.1268493
2026-04-25 11:32:43.716626+09:00,167182.12042271,149558.46748804,144025.27172918,-17623.65293467,148892.94596325,0.4449908694358752,150,7,8.1268493
2026-04-25 11:33:14.712796+09:00,167185.65225498,149554.54840145,144016.17299435,-17631.10385353,148889.02372039002,0.4450046408976668,150,7,8.1268493
2026-04-25 11:33:44.808909+09:00,167188.89382365,149564.85993937,144034.62547351,-17624.03388428,148899.34477595,0.4449675971279509,150,7,8.1268493
2026-04-25 11:34:13.624331+09:00,167190.16481717,149563.94387883,144028.34977245,-17626.22093834,148898.48716448,0.4449312428462859,150,7,8.1268493
2026-04-25 11:34:44.434348+09:00,167175.21174383,149538.77021338,144010.18870309,-17636.44153045,148873.31592489,0.4450045212625791,150,7,8.1268493
2026-04-25 11:35:14.533345+09:00,167164.07392988,149529.26471912,143997.91024981,-17634.80921076,148863.77078003,0.4450593269084033,150,7,8.1268493
2026-04-25 11:35:44.616177+09:00,167156.74959317,149505.68184504,143973.66348949,-17651.06774813,148840.19944672,0.4451218108284077,150,7,8.1268493
2026-04-25 11:36:13.960135+09:00,167164.79224012,149525.91084527,143997.58802631,-17638.88139485,148860.40329359,0.4450784134454595,150,7,8.1268493
2026-04-25 11:36:45.535170+09:00,167152.6519776,149503.58887061,143973.38857602,-17649.06310699,148838.27065882,0.4450182211784956,150,7,8.1268493
2026-04-25 11:37:13.774696+09:00,167157.25710656,149504.42619331,143972.90335466,-17652.83091325,148839.14173717,0.4449931504233751,150,7,8.1268493
2026-04-25 11:37:43.942076+09:00,167148.750095,149486.52919617,143957.80402087,-17662.22089883,148821.4512112,0.4449083061505985,150,7,8.1268493
2026-04-25 11:38:15.727738+09:00,167146.77712488,149495.41387081,143965.05122843,-17651.36325407,148830.19452982,0.4449764201896287,150,7,8.1268493
2026-04-25 11:38:46.095744+09:00,167150.73654385,149509.0427039,143977.71224178,-17641.69383995,148843.67690144,0.4450338189762509,150,7,8.1268493
2026-04-25 11:39:17.341115+09:00,167155.6939755,149505.83051517,143976.38116598,-17649.86346033,148840.58787674,0.4449609999407343,150,7,8.1268493
2026-04-25 11:57:09.437635+09:00,167147.02492723,149483.6337499,143947.92104582,-17663.39117733,148818.44406234002,0.4449916495025295,150,7,8.1268493
2026-04-25 11:57:39.890566+09:00,167141.42448597,149464.86296091,143934.96244065,-17676.56152506,148799.84677749997,0.4449314509350093,150,7,8.1268493
2026-04-25 11:58:11.097973+09:00,167142.78079788,149465.52597376,143938.79340705,-17677.25482412,148800.5288397,0.4449167322883179,150,7,8.1268493
2026-04-25 11:58:40.630267+09:00,167136.63675053,149455.24661257,143923.11334784,-17681.39013796,148790.32277578997,0.4448982901909556,150,7,8.1268493
2026-04-25 11:59:11.425769+09:00,167138.88726625,149447.90914108,143919.09084189,-17690.97812517,148782.95296422995,0.4449417731380077,150,7,8.1268493
2026-04-25 11:59:42.884305+09:00,167099.29653053,149381.11574343,143854.26900195,-17718.1807871,148716.29667752,0.4450489358051536,150,7,8.1268493
2026-04-25 12:00:13.869090+09:00,167099.56883522,149386.08699067,143860.23363027,-17713.48184455,148721.18639244002,0.4450887037904183,150,7,8.1268493
2026-04-25 12:00:40.992599+09:00,167137.73617367,149463.09434427,143929.47644287,-17674.6418294,148798.07704063,0.4449374653706913,150,7,8.1268493
2026-04-25 12:01:11.431473+09:00,167117.20764365,149426.00867617,143896.7185235,-17691.19896748,148761.1188778,0.4449625632515704,150,7,8.1268493
2026-04-25 12:01:40.761174+09:00,167133.40030589,149445.52897999,143912.20403067,-17687.8713259,148780.63471486,0.4449074319373087,150,7,8.1268493
2026-04-25 12:02:10.623814+09:00,167126.71997514,149429.92019905,143901.23641072,-17696.79977609,148765.04851472998,0.4449387936728798,150,7,8.1268493
2026-04-25 12:02:40.936466+09:00,167122.17052987,149426.36239127,143899.37290059,-17695.8081386,148761.5514116,0.4449087624372502,150,7,8.1268493
2026-04-25 12:03:10.800438+09:00,167132.15416348,149441.36167053,143915.82862534,-17690.79249295,148776.53915156,0.4448718290159315,150,7,8.1268493
2026-04-25 12:03:40.836922+09:00,167144.4934493,149465.06829194,143937.4734963,-17679.42515736,148800.24854944,0.4447994103889563,150,7,8.1268493
2026-04-25 12:04:10.193117+09:00,167155.46794302,149491.42696178,143962.55934876,-17664.04098124,148826.36867943002,0.4448805499194501,150,7,8.1268493
2026-04-25 12:04:41.470246+09:00,167159.70539367,149508.74754622,143978.24928511,-17650.95784745,148843.63234533,0.4448670808939674,150,7,8.1268493
2026-04-25 12:05:11.638161+09:00,167162.32232135,149510.41084357,143982.52070366,-17651.91147778,148845.42860562998,0.444773199530405,150,7,8.1268493
2026-04-25 12:05:41.883742+09:00,167189.9836959,149547.38958011,144019.62793333,-17642.59411579,148882.28008545,0.4447483145827244,150,7,8.1268493
2026-04-25 12:06:14.077646+09:00,167196.10046516,149561.70148186,144032.59203944,-17634.3989833,148896.47074566,0.4447868201610988,150,7,8.1268493
2026-04-25 12:06:43.907337+09:00,167230.86799859,149630.82650539,144090.24887855,-17600.0414932,148965.41982317998,0.4446989285232817,150,7,8.1268493
2026-04-25 12:07:15.822239+09:00,167225.73823636,149598.18655135,144067.60919386,-17627.55168501,148932.83336874,0.4447601925853664,150,7,8.1268493
2026-04-25 12:08:08.895620+09:00,167204.07805806,149573.59185885,144041.31368294,-17630.48619921,148908.38120025,0.4447380385354038,150,7,8.1268493
2026-04-25 12:08:39.873859+09:00,167208.57667344,149580.57908632,144046.52978402,-17627.99758712,148915.26491514,0.4447864657590744,150,7,8.1268493
2026-04-25 12:09:09.278558+09:00,167161.66139677,149507.1507024,143978.89927345,-17654.51069437,148841.93535349998,0.4449388178256021,150,7,8.1268493
2026-04-25 12:09:39.468478+09:00,167166.65521725,149507.4131802,143975.03057347,-17659.24203705,148842.20607224,0.4449325246221948,150,7,8.1268493
2026-04-25 12:10:10.576101+09:00,167129.82562605,149443.71930176,143916.33304466,-17686.10632429,148778.67340392,0.4450142842718769,150,7,8.1268493
2026-04-25 12:10:39.394390+09:00,167108.72946925,149407.62795158,143879.68545819,-17701.10151767,148742.67421682,0.4450600975845075,150,7,8.1268493
2026-04-25 12:11:08.952501+09:00,167106.85083016,149422.09211974,143894.63101477,-17684.75871042,148756.78555149,0.4452531475177405,150,7,8.1268493
2026-04-25 12:11:40.284311+09:00,167107.25243797,149421.22864531,143893.49811386,-17686.02379266,148755.87511886,0.4452871472696754,150,7,8.1268493
2026-04-25 12:12:09.623656+09:00,167126.30372292,149468.3017099,143939.3209804,-17658.00201302,148802.5922346,0.4453850533419868,150,7,8.1268493
2026-04-25 12:12:39.913573+09:00,167097.47900621,149439.59503135,143907.24373833,-17657.88397486,148774.04305259002,0.445365218381633,150,7,8.1268493
2026-04-25 12:13:09.850682+09:00,167093.55572963,149440.62341736,143908.31296936,-17652.93231227,148774.97759745002,0.4454249485101346,150,7,8.1268493
2026-04-25 12:13:39.812062+09:00,167098.96253661,149439.81174221,143911.36321525,-17659.1507944,148774.23075555,0.4453839836255652,150,7,8.1268493
2026-04-25 12:14:11.206189+09:00,167097.38731129,149437.62707486,143909.96559627,-17659.76023643,148772.02493001,0.4454046533518428,150,7,8.1268493
2026-04-25 12:14:40.285115+09:00,167077.39110209,149407.68912048,143879.21645271,-17669.70198161,148742.0975423,0.4454868300943183,150,7,8.1268493
2026-04-25 12:15:11.082095+09:00,167089.57264758,149441.31933982,143910.2204469,-17648.25330776,148775.53357896002,0.4455165169855372,150,7,8.1268493
2026-04-25 12:15:40.689618+09:00,167088.47298926,149437.76084472,143908.47496813,-17650.71214454,148772.01696801,0.4454990980504392,150,7,8.1268493
2026-04-25 12:16:10.773691+09:00,167090.91744857,149443.94672248,143913.86165753,-17646.97072609,148778.09388791,0.4455535665198271,150,7,8.1268493
2026-04-25 12:16:40.660793+09:00,167070.02899141,149409.71943699,143880.40724145,-17660.30955442,148743.94823586,0.4456009981404009,150,7,8.1268493
2026-04-25 12:17:10.904829+09:00,167068.11698298,149400.57392625,143873.29049569,-17667.54305673,148734.8971503,0.4455650727811823,150,7,8.1268493
2026-04-25 12:17:43.299775+09:00,167077.50201631,149416.78470244,143882.72433609,-17660.71731387,148750.96851183,0.4456100376781345,150,7,8.1268493
2026-04-25 12:18:14.642189+09:00,167077.49549202,149418.29560612,143889.3025108,-17659.1998859,148752.41479640998,0.4456487788251322,150,7,8.1268493
2026-04-25 12:18:44.965255+09:00,167092.06489196,149443.92707475,143905.45303959,-17648.13781721,148777.93300868,0.4456481297743722,150,7,8.1268493
2026-04-25 12:19:15.042356+09:00,167081.54714672,149439.14433666,143910.68737146,-17642.40281006,148773.28840526,0.4455699571592461,150,7,8.1268493
2026-04-25 12:19:45.601994+09:00,167096.68179758,149477.11192409,143945.18072676,-17619.56987349,148811.05695482,0.4455899372796602,150,7,8.1268493
2026-04-25 12:20:12.321818+09:00,167116.49563012,149503.37011571,143970.84908884,-17613.12551441,148837.23156758997,0.4455675799177194,150,7,8.1268493
2026-04-25 12:20:41.079467+09:00,167115.07513696,149526.64804293,143986.96244346,-17588.42709403,148860.40544929,0.445567798355727,150,7,8.1268493
2026-04-25 12:21:12.231138+09:00,167122.62188243,149531.85931545,143992.18416827,-17590.76256698,148865.56225935,0.445588692035448,150,7,8.1268493
2026-04-25 12:21:41.808142+09:00,167123.77936254,149524.61373886,143991.53299386,-17599.16562368,148858.45697042,0.4455164616598987,150,7,8.1268493
2026-04-25 12:22:12.495224+09:00,167125.45224837,149536.45701287,144002.79376555,-17588.9952355,148870.07143872,0.4456341867807172,150,7,8.1268493
2026-04-25 12:22:42.631648+09:00,167129.29955771,149552.17843067,144011.57124226,-17577.12112704,148885.71854736,0.4456370280282878,150,7,8.1268493
2026-04-25 12:23:11.793456+09:00,167127.45389008,149549.06422232,144011.86321471,-17578.38966776,148882.5929262,0.4456539394517522,150,7,8.1268493
2026-04-25 12:23:41.904296+09:00,167104.71317428,149491.86474793,143957.23163807,-17612.84842635,148825.66464654,0.4456430472075068,150,7,8.1268493
2026-04-25 12:24:11.103502+09:00,167085.47715809,149465.1213635,143936.06727889,-17620.35579459,148799.0211311,0.4456559673076106,150,7,8.1268493
2026-04-25 12:24:41.449334+09:00,167097.13159075,149478.5713764,143946.94460182,-17618.56021435,148812.49644429,0.4455989416922948,150,7,8.1268493
2026-04-25 12:25:12.836412+09:00,167089.97479815,149470.77274568,143936.81174054,-17619.20205247,148804.64533526,0.4456573002090487,150,7,8.1268493
2026-04-25 12:25:41.612489+09:00,167090.58144259,149455.69784327,143925.28911167,-17634.88359932,148789.62499647,0.4456657433686415,150,7,8.1268493
2026-04-25 12:26:12.438665+09:00,167089.80620785,149438.39482439,143908.35820624,-17651.41138346,148772.53815950002,0.4455726827583167,150,7,8.1268493
2026-04-25 12:26:42.569502+09:00,167084.37527347,149423.14625092,143896.34936456,-17661.22902255,148757.50041240998,0.4454770597536535,150,7,8.1268493
2026-04-25 12:27:11.235890+09:00,167088.8871235,149420.39385739,143892.79795153,-17668.49326611,148754.80522049,0.4454469833182556,150,7,8.1268493
2026-04-25 12:27:41.424900+09:00,167053.71670107,149340.44181015,143808.60854435,-17713.27489092,148675.10659361,0.4455157681840875,150,7,8.1268493
2026-04-25 12:28:11.349554+09:00,167027.6468419,149283.95457977,143759.27933681,-17743.69226213,148618.79758695,0.4455649602078117,150,7,8.1268493
2026-04-25 12:28:42.420765+09:00,167028.72791908,149283.11144719,143758.64063816,-17745.61647189,148618.09127751,0.4454758232415699,150,7,8.1268493
2026-04-25 12:29:11.791388+09:00,167023.14771625,149305.47401167,143779.3235049,-17717.67370458,148640.33633153,0.4454878058174957,150,7,8.1268493
2026-04-25 12:29:42.623562+09:00,167023.58599428,149312.7692766,143786.83622297,-17710.81671768,148647.55562916002,0.445516917717667,150,7,8.1268493
2026-04-25 12:30:12.956256+09:00,167024.50301525,149307.51966407,143778.19497482,-17716.98335118,148642.35513242,0.4454996862492706,150,7,8.1268493
2026-04-25 12:30:42.194866+09:00,167019.52805033,149304.17430195,143777.33869403,-17715.35374838,148639.006367,0.4455119477133819,150,7,8.1268493
2026-04-25 12:31:11.906015+09:00,167028.98653979,149312.80500158,143785.44085591,-17716.18153821,148647.63951163,0.4454845583692312,150,7,8.1268493
2026-04-25 12:31:43.309232+09:00,167016.83210776,149277.58096506,143754.09547853,-17739.2511427,148612.67606649,0.4454151080634325,150,7,8.1268493
2026-04-25 12:32:11.691918+09:00,167029.25212575,149287.96189701,143762.37732031,-17741.29022874,148623.05969885,0.4453823266866615,150,7,8.1268493
2026-04-25 12:32:41.392215+09:00,167028.23653083,149290.15199714,143763.85283783,-17738.08453369,148625.26196322,0.4453676448348297,150,7,8.1268493
2026-04-25 12:33:12.120422+09:00,167042.21275215,149320.75066897,143791.41862289,-17721.46208318,148655.71337557,0.4453750000723776,150,7,8.1268493
2026-04-25 12:33:41.759717+09:00,167046.72433642,149316.28899199,143791.28128966,-17730.43534443,148651.4003268,0.4452887690141212,150,7,8.1268493
2026-04-25 12:34:11.566835+09:00,167042.46586625,149310.29352137,143782.15194276,-17732.17234488,148645.45825733,0.4452708841168044,150,7,8.1268493
2026-04-25 12:34:41.647779+09:00,167038.31295586,149313.4552614,143787.88602588,-17724.85769446,148648.69974674,0.4452080447111924,150,7,8.1268493
2026-04-25 12:35:12.159790+09:00,167072.26651542,149370.15839228,143844.18489099,-17702.10812314,148705.07899580998,0.4452558687949907,150,7,8.1268493
2026-04-25 12:35:41.721578+09:00,167080.41221514,149378.16083064,143848.73286059,-17702.2513845,148713.15960644,0.4451796838990114,150,7,8.1268493
2026-04-25 12:36:12.085304+09:00,167104.5580654,149433.50518406,143906.45669911,-17671.05288134,148768.20316077,0.4452160996093448,150,7,8.1268493
2026-04-25 12:36:42.218941+09:00,167122.26683328,149465.44733624,143929.40435167,-17656.81949704,148800.11551488,0.4451408892272327,150,7,8.1268493
2026-04-25 12:37:12.213635+09:00,167090.54420509,149398.51117329,143865.0971305,-17692.0330318,148733.52643896,0.4451080061692665,150,7,8.1268493
2026-04-25 12:37:41.399164+09:00,167082.23500866,149374.65035892,143836.57999796,-17707.58464974,148709.71774867,0.4451442119879701,150,7,8.1268493
2026-04-25 12:38:11.837715+09:00,167074.43087449,149348.28247831,143819.56648751,-17726.14839618,148683.46213118,0.4451476348424378,150,7,8.1268493
2026-04-25 12:38:41.383745+09:00,167080.57709085,149358.56481046,143829.71792838,-17722.01228039,148693.63243711,0.4451919943083391,150,7,8.1268493
2026-04-25 12:39:11.635149+09:00,167080.8689581,149373.62214072,143846.26226639,-17707.24681738,148708.37251697,0.4453595047211817,150,7,8.1268493
2026-04-25 12:39:41.361235+09:00,167076.53215049,149381.44818318,143855.35818342,-17695.08396731,148716.13582419002,0.4453781691647254,150,7,8.1268493
2026-04-25 12:40:11.809258+09:00,167094.98868322,149431.32516841,143902.85566508,-17663.66351481,148765.78007799,0.4453852561836861,150,7,8.1268493
2026-04-25 12:40:41.137153+09:00,167128.89426703,149492.96497445,143959.05165252,-17635.92929258,148827.40633109,0.4452106782909492,150,7,8.1268493
2026-04-25 12:41:22.483535+09:00,167140.41300352,149519.40180917,143981.76220554,-17621.01119435,148853.74390799,0.4451983442453655,150,7,8.1268493
2026-04-25 12:41:43.550470+09:00,167143.0543883,149532.45896157,144000.84086702,-17610.59542673,148866.60330319,0.4452917199409699,150,7,8.1268493
2026-04-25 12:42:11.092086+09:00,167173.10956615,149571.63185734,144038.67708684,-17601.47770881,148905.68026381,0.4452392377220155,150,7,8.1268493
2026-04-25 12:42:40.511511+09:00,167189.73947707,149594.51691144,144061.57697808,-17595.22256563,148928.67920991,0.4450949909642584,150,7,8.1268493
2026-04-25 12:43:12.816149+09:00,167193.69080585,149594.88600387,144060.03452183,-17598.80480198,148929.12303011,0.4450439393648636,150,7,8.1268493
2026-04-25 12:43:41.830008+09:00,167203.53862291,149617.74852063,144086.48341608,-17585.79010228,148951.86348575,0.4450575158789965,150,7,8.1268493
2026-04-25 12:44:12.083866+09:00,167201.07479729,149623.4160973,144079.94393426,-17577.65869999,148957.41794383002,0.445116259768392,150,7,8.1268493
2026-04-25 12:44:42.000545+09:00,167194.25227137,149618.44695131,144086.25154831,-17575.80532006,148952.43149309,0.4451426089436284,150,7,8.1268493
2026-04-25 12:45:11.072011+09:00,167198.50125773,149638.33857919,144098.13711229,-17560.16267854,148972.24441386998,0.4451360337494637,150,7,8.1268493
2026-04-25 12:45:40.899488+09:00,167221.19120584,149680.53693045,144143.87373021,-17540.65427539,149014.19411662,0.445176659233672,150,7,8.1268493
2026-04-25 12:46:11.430235+09:00,167256.68529595,149737.97625937,144201.00423505,-17518.70903658,149071.40545558,0.4451581492161969,150,7,8.1268493
2026-04-25 12:46:42.031950+09:00,167253.01347048,149734.00785757,144196.15990855,-17519.00561291,149067.50547474998,0.4451242522366666,150,7,8.1268493
2026-04-25 12:47:11.910375+09:00,167257.18432098,149730.90820167,144192.75794283,-17526.27611931,149064.48862143,0.4450781660540058,150,7,8.1268493
2026-04-25 12:47:41.930321+09:00,167248.02896592,149720.07707483,144182.03970205,-17527.95189109,149053.79267290002,0.4450200767643149,150,7,8.1268493
2026-04-25 12:48:11.463211+09:00,167272.14493377,149761.53014029,144223.33683631,-17510.61479348,149095.03734282,0.4450360495420012,150,7,8.1268493
2026-04-25 12:48:42.003655+09:00,167243.66497604,149715.35396025,144179.00271841,-17528.31101579,149048.95911782002,0.4451078829275789,150,7,8.1268493
2026-04-25 12:49:12.115195+09:00,167251.00598244,149729.88317146,144194.36491014,-17521.12281098,149063.30813663002,0.4451850363542231,150,7,8.1268493
2026-04-25 12:49:41.489220+09:00,167262.57268912,149754.79764398,144211.08792225,-17507.77504514,149088.17382660002,0.4451435465625615,150,7,8.1268493
2026-04-25 12:50:11.858481+09:00,167267.04041583,149746.88776692,144209.68127802,-17520.15264891,149080.33541207,0.4451193375634518,150,7,8.1268493
2026-04-25 12:50:41.113531+09:00,167256.39473117,149726.63188875,144188.95542658,-17529.76284242,149060.06829909,0.4451870594105601,150,7,8.1268493
2026-04-25 12:51:11.391175+09:00,167265.55367062,149725.53433513,144185.54423249,-17540.01933549,149059.06426967002,0.4451278590652701,150,7,8.1268493
2026-04-25 12:51:40.969105+09:00,167243.22294935,149684.17053692,144148.05067942,-17559.05241243,149017.88357583998,0.4451285387693407,150,7,8.1268493
2026-04-25 12:52:11.969258+09:00,167235.59910986,149667.09917725,144132.66047398,-17568.49993261,149000.93837722,0.4450950166683388,150,7,8.1268493
2026-04-25 12:52:41.430822+09:00,167243.1654077,149663.24237896,144129.18635217,-17579.92302874,148997.20692453,0.4450227349368402,150,7,8.1268493
2026-04-25 12:53:11.670721+09:00,167233.06396933,149661.76204814,144127.09207874,-17571.30192119,148995.64541161,0.4450813804502301,150,7,8.1268493
2026-04-25 12:53:40.559989+09:00,167202.26537064,149609.98679617,144075.74074395,-17592.27857447,148944.03549742,0.4451248964130302,150,7,0.0
